{
  "helloWorldAsynchronous": {
    "message": "call asynchronous message return here"
  },
  "helloWorld": {
    "message": "a simple hello world from mock json server"
  },
  "posts": [{
    "id": 1,
    "title": "json-server",
    "author": "typicode"
  }],
  "comments": [{
    "id": 1,
    "body": "some comment",
    "postId": 1
  }],
  "profile": {
    "name": "typicode"
  },
  "shops": [{
      "id": 1,
      "slug": "the-ritz-carlton-tokyo",
      "name": "The Ritz-Carlton, Tokyo ザ・リッツ・カールトン東京",
      "phoneNumber": "+81 3-3423-8000",
      "latitude": 35.6664397,
      "longitude": 139.7293229,
      "address": "〒107-6245 東京都港区赤坂９丁目７−１ Tokyo Midtown",
      "region": "Tokyo",
      "status": "Open"
    },
    {
      "id": 2,
      "slug": "family-mart-tokyo",
      "name": "FamilyMart ファミリーマート 明大前北店",
      "phoneNumber": "+81 3-5329-0208",
      "latitude": 35.6684353,
      "longitude": 139.6494817,
      "address": "〒156-0043 東京都世田谷区松原２丁目４４−６",
      "region": "Tokyo",
      "status": "Open"
    },
    {
      "id": 3,
      "slug": "ninja-dojo-and-store-kyoto",
      "name": "NINJA DOJO and STORE",
      "phoneNumber": "+81 70-2289-2228",
      "latitude": 35.0393434,
      "longitude": 135.7292175,
      "address": "〒600-8422 京都府京都市下京区下京区白楽天町528",
      "region": "Kyoto",
      "status": "Open"
    },
    {
      "id": 4,
      "slug": "ministop-kyoto-aquarium-mae-kyoto",
      "name": "Ministop Kyoto Aquarium-mae ミニストップ 京都水族館前店",
      "phoneNumber": "+81 75-371-8828",
      "latitude": 34.9403642,
      "longitude": 135.6759389,
      "address": "〒600-8266 京都府京都市下京区木津屋町 上之町439番地1 大宮通 橋上る",
      "region": "Kyoto",
      "status": "Open"
    }
  ],
  "rexProducts": [{
      "id": 1,
      "slug": "nice-shape-shirt",
      "featureImage": "https://images-na.ssl-images-amazon.com/images/I/61HFW%2BLPyhL._UY741_.jpg",
      "images": [{
          "id": 1,
          "src": "https://images-na.ssl-images-amazon.com/images/I/61HFW%2BLPyhL._UY741_.jpg"
        },
        {
          "id": 2,
          "src": "https://images-na.ssl-images-amazon.com/images/I/610k4YveajL._UY445_.jpg"
        },
        {
          "id": 3,
          "src": "https://images-na.ssl-images-amazon.com/images/I/61atvDBwkML._UY445_.jpg"
        }
      ],
      "name": "ドロップショルダーニットトップス",
      "currency": "円",
      "price": 7212.99,
      "rating": 2.2,
      "getPoint": 40,
      "sizes": ["Free", "S", "L", "XL", "XXL"],
      "colors": [{
          "code": "#FF5733",
          "imageId": 1
        },
        {
          "code": "#BAFF33",
          "imageId": 2
        },
        {
          "code": "#33FFCC",
          "imageId": 3
        }
      ],
      "description": "Lorem Ipsum is simply dummy text of the printing and typesetting industry. Lorem Ipsum has been the industry's standard dummy text ever since the 1500s, when an unknown printer took a galley of type and scrambled it to make a type specimen book. It has survived not only five centuries, but also the leap into electronic ."
    },
    {
      "id": 2,
      "slug": "ripon-one-piecer",
      "featureImage": "https://images-na.ssl-images-amazon.com/images/I/71ep7ZqQfSL._SX569_.jpg",
      "images": [{
          "id": 1,
          "src": "https://images-na.ssl-images-amazon.com/images/I/71ep7ZqQfSL._SX569_.jpg"
        },
        {
          "id": 2,
          "src": "https://images-na.ssl-images-amazon.com/images/I/51MNQgYkaeL._SY355_.jpg"
        },
        {
          "id": 3,
          "src": "https://images-na.ssl-images-amazon.com/images/I/61IVeKcyU2L._SY355_.jpg"
        }
      ],
      "name": "リボンベルト付カシュクールｘプリーツドッキングワンピース",
      "currency": "円",
      "price": 2.999,
      "rating": 3.6,
      "getPoint": 20,
      "sizes": ["Free", "S", "L", "XL", "XXL"],
      "colors": [{
          "code": "#FF5733",
          "imageId": 1
        },
        {
          "code": "#BAFF33",
          "imageId": 2
        },
        {
          "code": "#33FFCC",
          "imageId": 3
        }
      ],
      "description": "Lorem Ipsum is simply dummy text of the printing and typesetting industry. Lorem Ipsum has been the industry's standard dummy text ever since the 1500s, when an unknown printer took a galley of type and scrambled it to make a type specimen book. It has survived not only five centuries, but also the leap into electronic ."
    },
    {
      "id": 3,
      "slug": "turtle-neck",
      "featureImage": "https://images-na.ssl-images-amazon.com/images/I/71i-yHjHTnL._UX385_.jpg",
      "images": [{
          "id": 1,
          "src": "https://images-na.ssl-images-amazon.com/images/I/71i-yHjHTnL._UX385_.jpg"
        },
        {
          "id": 2,
          "src": "https://images-na.ssl-images-amazon.com/images/I/610k4YveajL._UY445_.jpg"
        },
        {
          "id": 3,
          "src": "https://images-na.ssl-images-amazon.com/images/I/61atvDBwkML._UY445_.jpg"
        }
      ],
      "name": "タートルニットトップス",
      "currency": "円",
      "price": 4.999,
      "rating": 4.6,
      "getPoint": 50,
      "sizes": ["Free", "S", "L", "XL", "XXL"],
      "colors": [{
          "code": "#FF5733",
          "imageId": 1
        },
        {
          "code": "#BAFF33",
          "imageId": 2
        },
        {
          "code": "#33FFCC",
          "imageId": 3
        }
      ],
      "description": "Lorem Ipsum is simply dummy text of the printing and typesetting industry. Lorem Ipsum has been the industry's standard dummy text ever since the 1500s, when an unknown printer took a galley of type and scrambled it to make a type specimen book. It has survived not only five centuries, but also the leap into electronic ."
    },
    {
      "id": 4,
      "slug": "medival-dance",
      "featureImage": "https://images-na.ssl-images-amazon.com/images/I/61BmbjpSM7L._UY741_.jpg",
      "images": [{
          "id": 1,
          "src": "https://images-na.ssl-images-amazon.com/images/I/61BmbjpSM7L._UY741_.jpg"
        },
        {
          "id": 2,
          "src": "https://images-na.ssl-images-amazon.com/images/I/71eGPse1DdL._UY500_.jpg"
        },
        {
          "id": 3,
          "src": "https://images-na.ssl-images-amazon.com/images/I/61qUwCzDryL._UY500_.jpg"
        }
      ],
      "name": "トップス×フレアジャンスカセット",
      "currency": "円",
      "price": 7.999,
      "rating": 2.6,
      "getPoint": 20,
      "sizes": ["Free", "S", "L", "XL", "XXL"],
      "colors": [{
          "code": "#FF5733",
          "imageId": 1
        },
        {
          "code": "#BAFF33",
          "imageId": 2
        },
        {
          "code": "#33FFCC",
          "imageId": 3
        }
      ],
      "description": "Lorem Ipsum is simply dummy text of the printing and typesetting industry. Lorem Ipsum has been the industry's standard dummy text ever since the 1500s, when an unknown printer took a galley of type and scrambled it to make a type specimen book. It has survived not only five centuries, but also the leap into electronic ."
    },
    {
      "id": 5,
      "slug": "kimono",
      "featureImage": "https://images-na.ssl-images-amazon.com/images/I/7174130XLRL._UY741_.jpg",
      "images": [{
          "id": 1,
          "src": "https://images-na.ssl-images-amazon.com/images/I/7174130XLRL._UY741_.jpg"
        },
        {
          "id": 2,
          "src": "https://images-na.ssl-images-amazon.com/images/I/61SVAjG8FFL._UY500_.jpg"
        },
        {
          "id": 3,
          "src": "https://images-na.ssl-images-amazon.com/images/I/61ZwspKYiXL._UY500_.jpg"
        }
      ],
      "name": "着物",
      "currency": "円",
      "price": 33.999,
      "rating": 3.6,
      "getPoint": 200,
      "sizes": ["Free", "S", "L", "XL", "XXL"],
      "colors": [{
          "code": "#FF5733",
          "imageId": 1
        },
        {
          "code": "#BAFF33",
          "imageId": 2
        },
        {
          "code": "#33FFCC",
          "imageId": 3
        }
      ],
      "description": "Lorem Ipsum is simply dummy text of the printing and typesetting industry. Lorem Ipsum has been the industry's standard dummy text ever since the 1500s, when an unknown printer took a galley of type and scrambled it to make a type specimen book. It has survived not only five centuries, but also the leap into electronic ."
    },
    {
      "id": 6,
      "slug": "jean-jacket",
      "featureImage": "https://images-na.ssl-images-amazon.com/images/I/71ItVH3U-4L._UX679_.jpg",
      "images": [{
          "id": 1,
          "src": "https://images-na.ssl-images-amazon.com/images/I/71ItVH3U-4L._UX679_.jpg"
        },
        {
          "id": 2,
          "src": "https://images-na.ssl-images-amazon.com/images/I/61SIiFg3-%2BL._UX679_.jpg"
        },
        {
          "id": 3,
          "src": "https://images-na.ssl-images-amazon.com/images/I/61SIiFg3-%2BL._UX679_.jpg"
        }
      ],
      "name": "ジーンズジャケット",
      "currency": "円",
      "price": 7002.99,
      "rating": 1.2,
      "getPoint": 30,
      "sizes": ["Free", "S", "L", "XL", "XXL"],
      "colors": [{
          "code": "#FF5733",
          "imageId": 1
        },
        {
          "code": "#BAFF33",
          "imageId": 2
        },
        {
          "code": "#33FFCC",
          "imageId": 3
        }
      ],
      "description": "Lorem Ipsum is simply dummy text of the printing and typesetting industry. Lorem Ipsum has been the industry's standard dummy text ever since the 1500s, when an unknown printer took a galley of type and scrambled it to make a type specimen book. It has survived not only five centuries, but also the leap into electronic ."
    },
    {
      "id": 7,
      "slug": "long-dress",
      "featureImage": "https://images-na.ssl-images-amazon.com/images/I/61lTEFoQKVL._UX679_.jpg",
      "images": [{
          "id": 1,
          "src": "https://images-na.ssl-images-amazon.com/images/I/61lTEFoQKVL._UX679_.jpg"
        },
        {
          "id": 2,
          "src": "https://images-na.ssl-images-amazon.com/images/I/610k4YveajL._UY445_.jpg"
        },
        {
          "id": 3,
          "src": "https://images-na.ssl-images-amazon.com/images/I/61atvDBwkML._UY445_.jpg"
        }
      ],
      "name": "ハイウエストフレアワイドパンツ",
      "currency": "円",
      "price": 21.999,
      "rating": 4.2,
      "getPoint": 78,
      "sizes": ["Free", "S", "L", "XL", "XXL"],
      "colors": [{
          "code": "#FF5733",
          "imageId": 1
        },
        {
          "code": "#BAFF33",
          "imageId": 2
        },
        {
          "code": "#33FFCC",
          "imageId": 3
        }
      ],
      "description": "Lorem Ipsum is simply dummy text of the printing and typesetting industry. Lorem Ipsum has been the industry's standard dummy text ever since the 1500s, when an unknown printer took a galley of type and scrambled it to make a type specimen book. It has survived not only five centuries, but also the leap into electronic ."
    },
    {
      "id": 8,
      "slug": "nice-shirt",
      "featureImage": "https://images-na.ssl-images-amazon.com/images/I/51xy9EQgb5L._UY741_.jpg",
      "images": [{
          "id": 1,
          "src": "https://images-na.ssl-images-amazon.com/images/I/51xy9EQgb5L._UY741_.jpg"
        },
        {
          "id": 2,
          "src": "https://images-na.ssl-images-amazon.com/images/I/610k4YveajL._UY445_.jpg"
        },
        {
          "id": 3,
          "src": "https://images-na.ssl-images-amazon.com/images/I/61atvDBwkML._UY445_.jpg"
        }
      ],
      "name": "フラワープリーツスカート",
      "currency": "円",
      "price": 2.999,
      "rating": 3.2,
      "getPoint": 40,
      "sizes": ["Free", "S", "L", "XL", "XXL"],
      "colors": [{
          "code": "#FF5733",
          "imageId": 1
        },
        {
          "code": "#BAFF33",
          "imageId": 2
        },
        {
          "code": "#33FFCC",
          "imageId": 3
        }
      ],
      "description": "Lorem Ipsum is simply dummy text of the printing and typesetting industry. Lorem Ipsum has been the industry's standard dummy text ever since the 1500s, when an unknown printer took a galley of type and scrambled it to make a type specimen book. It has survived not only five centuries, but also the leap into electronic ."
    },
    {
      "id": 9,
      "slug": "purple-shirt",
      "featureImage": "https://images-na.ssl-images-amazon.com/images/I/7180bX7yg3L._SL1500_.jpg",
      "images": [{
          "id": 1,
          "src": "https://images-na.ssl-images-amazon.com/images/I/7180bX7yg3L._SL1500_.jpg"
        },
        {
          "id": 2,
          "src": "https://images-na.ssl-images-amazon.com/images/I/610k4YveajL._UY445_.jpg"
        },
        {
          "id": 3,
          "src": "https://images-na.ssl-images-amazon.com/images/I/61atvDBwkML._UY445_.jpg"
        }
      ],
      "name": "ハイネックキャンディースリーブティアード花柄ワンピース",
      "currency": "円",
      "price": 1.999,
      "rating": 1.2,
      "getPoint": 40,
      "sizes": ["Free", "S", "L", "XL", "XXL"],
      "colors": [{
          "code": "#FF5733",
          "imageId": 1
        },
        {
          "code": "#BAFF33",
          "imageId": 2
        },
        {
          "code": "#33FFCC",
          "imageId": 3
        }
      ],
      "description": "Lorem Ipsum is simply dummy text of the printing and typesetting industry. Lorem Ipsum has been the industry's standard dummy text ever since the 1500s, when an unknown printer took a galley of type and scrambled it to make a type specimen book. It has survived not only five centuries, but also the leap into electronic ."
    },
    {
      "id": 10,
      "slug": "flower-shirt",
      "featureImage": "https://images-na.ssl-images-amazon.com/images/I/610fC5Q8XwL._UY741_.jpg",
      "images": [{
          "id": 1,
          "src": "https://images-na.ssl-images-amazon.com/images/I/610fC5Q8XwL._UY741_.jpg"
        },
        {
          "id": 2,
          "src": "https://images-na.ssl-images-amazon.com/images/I/610k4YveajL._UY445_.jpg"
        },
        {
          "id": 3,
          "src": "https://images-na.ssl-images-amazon.com/images/I/61atvDBwkML._UY445_.jpg"
        }
      ],
      "name": "裏起毛スリーブラインパーカーワンピース",
      "currency": "円",
      "price": 7.999,
      "rating": 2.2,
      "getPoint": 40,
      "sizes": ["Free", "S", "L", "XL", "XXL"],
      "colors": [{
          "code": "#FF5733",
          "imageId": 1
        },
        {
          "code": "#BAFF33",
          "imageId": 2
        },
        {
          "code": "#33FFCC",
          "imageId": 3
        }
      ],
      "description": "Lorem Ipsum is simply dummy text of the printing and typesetting industry. Lorem Ipsum has been the industry's standard dummy text ever since the 1500s, when an unknown printer took a galley of type and scrambled it to make a type specimen book. It has survived not only five centuries, but also the leap into electronic ."
    }
  ],
  "products": [{
      "id": 1,
      "slug": "jam-heavy-metal-wireless-stereo-speaker",
      "brand": "JAM",
      "images": [
        "https://images-na.ssl-images-amazon.com/images/I/81FED1p-sTL._SX522_.jpg",
        "https://images-na.ssl-images-amazon.com/images/I/81e8905DlhL._SX522_.jpg"
      ],
      "name": "JAM Heavy Metal Wireless Stereo Speaker, Built-In Speakerphone, Powerful 20 Watt Speakers, Aluminum Body, Voice Prompts, Incredible Bass, For Audiophiles, Clean Treble, Massive Volume, HX-P920",
      "currency": "$",
      "listPrice": 72.99,
      "salePrice": 42.99,
      "ranking": 20,
      "rating": 3.2,
      "ratingCount": 3,
      "commentsCount": 20
    },
    {
      "id": 2,
      "slug": "nintendo-switch-neon-red",
      "brand": "Nintendo",
      "images": [
        "https://images-na.ssl-images-amazon.com/images/I/71ivrWiYkLL._AC_.jpg",
        "https://images-na.ssl-images-amazon.com/images/I/71tdXgn9LzL._AC_.jpg"
      ],
      "name": "Nintendo Switch – Neon Red and Neon Blue Joy-Con",
      "currency": "$",
      "listPrice": 299,
      "salePrice": 299,
      "ranking": 10,
      "rating": 4.2,
      "ratingCount": 12,
      "commentsCount": 120
    },
    {
      "id": 3,
      "slug": "uget-womens-sweater-casual",
      "brand": "UGET",
      "images": [
        "https://images-na.ssl-images-amazon.com/images/I/71PxGRHfTbL._UY606_.jpg",
        "https://images-na.ssl-images-amazon.com/images/I/61eO4kXmryL._UX679_.jpg"
      ],
      "name": "UGET Women's Sweater Casual Oversized Baggy Off-Shoulder Shirts Batwing Sleeve Pullover Shirts Tops",
      "currency": "$",
      "listPrice": 14.99,
      "salePrice": 17.99,
      "ranking": 150,
      "rating": 4.3,
      "ratingCount": 3500,
      "commentsCount": 1020
    },
    {
      "id": 4,
      "slug": "exlura-womens-off-shoulder",
      "brand": "ELURA",
      "images": [
        "https://images-na.ssl-images-amazon.com/images/I/61tq7ht%2BPtL._UX425_.jpg",
        "https://images-na.ssl-images-amazon.com/images/I/71aSu0AWK4L._UX425_.jpg"
      ],
      "name": "Exlura Women's Off Shoulder Sweater Batwing Sleeve Loose Oversized Pullover Knit Jumper",
      "currency": "$",
      "listPrice": 26.98,
      "salePrice": 26.98,
      "ranking": 12,
      "rating": 4.2,
      "ratingCount": 1100,
      "commentsCount": 42
    },
    {
      "id": 5,
      "slug": "exlura-womens-off-shoulder",
      "brand": "ELURA",
      "images": [
        "https://images-na.ssl-images-amazon.com/images/I/61tq7ht%2BPtL._UX425_.jpg",
        "https://images-na.ssl-images-amazon.com/images/I/71aSu0AWK4L._UX425_.jpg"
      ],
      "name": "Exlura Women's Off Shoulder Sweater Batwing Sleeve Loose Oversized Pullover Knit Jumper",
      "currency": "$",
      "listPrice": 26.98,
      "salePrice": 26.98,
      "ranking": 12,
      "rating": 4.2,
      "ratingCount": 1100,
      "commentsCount": 42
    },
    {
      "id": 6,
      "slug": "exlura-womens-off-shoulder",
      "brand": "ELURA",
      "images": [
        "https://images-na.ssl-images-amazon.com/images/I/61tq7ht%2BPtL._UX425_.jpg",
        "https://images-na.ssl-images-amazon.com/images/I/71aSu0AWK4L._UX425_.jpg"
      ],
      "name": "Exlura Women's Off Shoulder Sweater Batwing Sleeve Loose Oversized Pullover Knit Jumper",
      "currency": "$",
      "listPrice": 26.98,
      "salePrice": 26.98,
      "ranking": 12,
      "rating": 4.2,
      "ratingCount": 1100,
      "commentsCount": 42
    },
    {
      "id": 7,
      "slug": "exlura-womens-off-shoulder",
      "brand": "ELURA",
      "images": [
        "https://images-na.ssl-images-amazon.com/images/I/61tq7ht%2BPtL._UX425_.jpg",
        "https://images-na.ssl-images-amazon.com/images/I/71aSu0AWK4L._UX425_.jpg"
      ],
      "name": "Exlura Women's Off Shoulder Sweater Batwing Sleeve Loose Oversized Pullover Knit Jumper",
      "currency": "$",
      "listPrice": 26.98,
      "salePrice": 26.98,
      "ranking": 12,
      "rating": 4.2,
      "ratingCount": 1100,
      "commentsCount": 42
    }
  ],
  "pointHistory": [{
      "id": 1,
      "slug": "point-01",
      "title": "〒106-0044東京都港区東麻布1-8-1 東麻布ISビル4F",
      "date": "13:00 2019/01/12",
      "totalAmount": 1900,
      "pointsReceived": 120,
      "pointsUsed": 0
    },
    {
      "id": 2,
      "slug": "point-02",
      "title": "〒106-0044東京都港区東麻布1-8-1 東麻布ISビル4F",
      "date": "13:00 2019/01/12",
      "totalAmount": 1900,
      "pointsReceived": 120,
      "pointsUsed": 0
    },
    {
      "id": 3,
      "slug": "point-03",
      "title": "〒106-0044東京都港区東麻布1-8-1 東麻布ISビル4F",
      "date": "13:00 2019/01/12",
      "totalAmount": 1900,
      "pointsReceived": 120,
      "pointsUsed": 0
    },
    {
      "id": 4,
      "slug": "point-04",
      "title": "〒106-0044東京都港区東麻布1-8-1 東麻布ISビル4F",
      "date": "13:00 2019/01/12",
      "totalAmount": 1900,
      "pointsReceived": 120,
      "pointsUsed": 0
    },
    {
      "id": 5,
      "slug": "point-01",
      "title": "〒106-0044東京都港区東麻布1-8-1 東麻布ISビル4F",
      "date": "13:00 2019/01/12",
      "totalAmount": 1900,
      "pointsReceived": 120,
      "pointsUsed": 0
    },
    {
      "id": 6,
      "slug": "point-02",
      "title": "〒106-0044東京都港区東麻布1-8-1 東麻布ISビル4F",
      "date": "13:00 2019/01/12",
      "totalAmount": 1900,
      "pointsReceived": 120,
      "pointsUsed": 0
    },
    {
      "id": 7,
      "slug": "point-03",
      "title": "〒106-0044東京都港区東麻布1-8-1 東麻布ISビル4F",
      "date": "13:00 2019/01/12",
      "totalAmount": 1900,
      "pointsReceived": 120,
      "pointsUsed": 0
    },
    {
      "id": 8,
      "slug": "point-04",
      "title": "〒106-0044東京都港区東麻布1-8-1 東麻布ISビル4F",
      "date": "13:00 2019/01/12",
      "totalAmount": 1900,
      "pointsReceived": 120,
      "pointsUsed": 0
    },
    {
      "id": 9,
      "slug": "point-04",
      "title": "〒106-0044東京都港区東麻布1-8-1 東麻布ISビル4F",
      "date": "13:00 2019/01/12",
      "totalAmount": 1900,
      "pointsReceived": 120,
      "pointsUsed": 0
    }
  ],
  "staffList": [{
      "id": 1,
      "featureImage": "https://images.pexels.com/photos/614810/pexels-photo-614810.jpeg?auto=compress&cs=tinysrgb&h=750&w=1260",
      "name": "Liam",
      "bio": "Originally from Ottawa, Ontario Chelsea admires the abundance of activities and natural beauty of the West. A born professional who has been involved in the beauty industry since she was 14 years old. It was then that she discovered her love for the ever-changing trade.  Chelsea began her West Coast journey in Pender Island, working at a resort spa",
      "price": "¥11,000"
    },
    {
      "id": 2,
      "featureImage": "https://images-na.ssl-images-amazon.com/images/I/71ItVH3U-4L._UX679_.jpg",
      "name": "Elijah",
      "bio": "Back home in Ontario, Jen decided she wanted to become a massage therapist shortly after finishing her Bachelor of Kinesiology at university which she had started for her love and interest in anatomy and physiology. ",
      "price": "¥15,000"
    },
    {
      "id": 3,
      "featureImage": "https://images-na.ssl-images-amazon.com/images/I/61lTEFoQKVL._UX679_.jpg",
      "name": "Charlotte",
      "bio": "Natalie was born and raised in Hertford, England, and has been skiing from a tiny 18 months old. Ski instructing brought her to Whistler in 2008 and she has been calling Canada home ever since. ",
      "price": "¥12,000"
    },
    {
      "id": 4,
      "featureImage": "https://images-na.ssl-images-amazon.com/images/I/51xy9EQgb5L._UY741_.jpg",
      "name": "Sophia",
      "bio": "Fiona Joined us at the Whistler Day Spa in September 2017 from the Central Coast of New South Wales, Australia. She completed her beauty education at Ella baché college of beauty therapy, ",
      "price": "¥17,000"
    },
    {
      "id": 5,
      "featureImage": "https://images-na.ssl-images-amazon.com/images/I/7180bX7yg3L._SL1500_.jpg",
      "name": "Logan",
      "bio": "From a little town called Provence in the beautiful South of France to Whistler in 2017, Nathalie has come a long way to share her 6 years of beauty therapist experience with her guests at the Whistler Day Spa. She loves the title Beauty therapist as she believes visiting a beautician IS a type of therapy, ",
      "price": "¥21,000"
    },
    {
      "id": 6,
      "featureImage": "https://images.pexels.com/photos/614810/pexels-photo-614810.jpeg?auto=compress&cs=tinysrgb&h=750&w=1260",
      "name": "Liam",
      "bio": "Originally from Ottawa, Ontario Chelsea admires the abundance of activities and natural beauty of the West. A born professional who has been involved in the beauty industry since she was 14 years old. It was then that she discovered her love for the ever-changing trade.  Chelsea began her West Coast journey in Pender Island, working at a resort spa",
      "price": "¥11,000"
    },
    {
      "id": 7,
      "featureImage": "https://images-na.ssl-images-amazon.com/images/I/71ItVH3U-4L._UX679_.jpg",
      "name": "Elijah",
      "bio": "Back home in Ontario, Jen decided she wanted to become a massage therapist shortly after finishing her Bachelor of Kinesiology at university which she had started for her love and interest in anatomy and physiology. ",
      "price": "¥15,000"
    },
    {
      "id": 8,
      "featureImage": "https://images-na.ssl-images-amazon.com/images/I/61lTEFoQKVL._UX679_.jpg",
      "name": "Charlotte",
      "bio": "Natalie was born and raised in Hertford, England, and has been skiing from a tiny 18 months old. Ski instructing brought her to Whistler in 2008 and she has been calling Canada home ever since. ",
      "price": "¥12,000"
    },
    {
      "id": 9,
      "featureImage": "https://images-na.ssl-images-amazon.com/images/I/51xy9EQgb5L._UY741_.jpg",
      "name": "Sophia",
      "bio": "Fiona Joined us at the Whistler Day Spa in September 2017 from the Central Coast of New South Wales, Australia. She completed her beauty education at Ella baché college of beauty therapy, ",
      "price": "¥17,000"
    },
    {
      "id": 10,
      "featureImage": "https://images-na.ssl-images-amazon.com/images/I/7180bX7yg3L._SL1500_.jpg",
      "name": "Logan",
      "bio": "From a little town called Provence in the beautiful South of France to Whistler in 2017, Nathalie has come a long way to share her 6 years of beauty therapist experience with her guests at the Whistler Day Spa. She loves the title Beauty therapist as she believes visiting a beautician IS a type of therapy, ",
      "price": "¥21,000"
    }
  ],
  "staffDetail": [{
      "id": 1,
      "featureImage": "https://images.pexels.com/photos/614810/pexels-photo-614810.jpeg?auto=compress&cs=tinysrgb&h=750&w=1260",
      "name": "Liam",
      "price": "¥11,000"
    },
    {
      "id": 2,
      "featureImage": "https://images-na.ssl-images-amazon.com/images/I/71ItVH3U-4L._UX679_.jpg",
      "name": "Elijah",
      "price": "¥15,000"
    },
    {
      "id": 3,
      "featureImage": "https://images-na.ssl-images-amazon.com/images/I/61lTEFoQKVL._UX679_.jpg",
      "name": "Charlotte",
      "price": "¥12,000"
    },
    {
      "id": 4,
      "featureImage": "https://images-na.ssl-images-amazon.com/images/I/51xy9EQgb5L._UY741_.jpg",
      "name": "Sophia",
      "price": "¥17,000"
    },
    {
      "id": 5,
      "featureImage": "https://images-na.ssl-images-amazon.com/images/I/7180bX7yg3L._SL1500_.jpg",
      "name": "Logan",
      "price": "¥21,000"
    },
    {
      "id": 6,
      "featureImage": "https://images.pexels.com/photos/614810/pexels-photo-614810.jpeg?auto=compress&cs=tinysrgb&h=750&w=1260",
      "name": "Liam",
      "price": "¥11,000"
    },
    {
      "id": 7,
      "featureImage": "https://images-na.ssl-images-amazon.com/images/I/71ItVH3U-4L._UX679_.jpg",
      "name": "Elijah",
      "price": "¥15,000"
    },
    {
      "id": 8,
      "featureImage": "https://images-na.ssl-images-amazon.com/images/I/61lTEFoQKVL._UX679_.jpg",
      "name": "Charlotte",
      "price": "¥12,000"
    },
    {
      "id": 9,
      "featureImage": "https://images-na.ssl-images-amazon.com/images/I/51xy9EQgb5L._UY741_.jpg",
      "name": "Sophia",
      "price": "¥17,000"
    },
    {
      "id": 10,
      "featureImage": "https://images-na.ssl-images-amazon.com/images/I/7180bX7yg3L._SL1500_.jpg",
      "name": "Logan",
      "bio": "From a little town called Provence in the beautiful South of France to Whistler in 2017, Nathalie has come a long way to share her 6 years of beauty therapist experience with her guests at the Whistler Day Spa. She loves the title Beauty therapist as she believes visiting a beautician IS a type of therapy, ",
      "price": "¥21,000"
    }
  ],
  "services": [{
      "id": 1,
      "name": "Aroma Treatment",
      "coverImage": "http://en.bliss.hr/wp-content/uploads/2016/02/1IMG_3767-680x282.jpg",
      "description": "Aromatherapy is a holistic healing treatment that uses natural plant extracts to promote health and well-being. Sometimes it’s called essential oil therapy. Aromatherapy uses aromatic essential oils medicinally to improve the health of the body, mind, and spirit. It enhances both physical and emotional health.",
      "options": [{
          "name": "30min",
          "price": 9000.0,
          "currency": "$",
          "isRecommended": false
        },
        {
          "name": "60min",
          "price": 9000.0,
          "currency": "$",
          "isRecommended": true
        },
        {
          "name": "90min",
          "price": 9000.0,
          "currency": "$",
          "isRecommended": false
        }
      ]
    },
    {
      "id": 2,
      "name": "Lymphatic Treatment",
      "coverImage": "http://en.bliss.hr/wp-content/uploads/2016/02/hydra-force-680x282.jpg",
      "description": "Lymphatic drainage is a gentle, rhythmical massage treatment performed by a specially trained lymphatic massage therapist to stimulate the circulation of lymph fluid around the body. This helps to rapidly speed up the removal of wastes and toxins from a sluggish lymphatic system",
      "options": [{
          "name": "30min",
          "price": 9000.0,
          "currency": "$",
          "isRecommended": false
        },
        {
          "name": "60min",
          "price": 9000.0,
          "currency": "$",
          "isRecommended": true
        },
        {
          "name": "90min",
          "price": 9000.0,
          "currency": "$",
          "isRecommended": false
        }
      ]
    },
    {
      "id": 3,
      "name": "Chiropractic Massage",
      "coverImage": "http://en.bliss.hr/wp-content/uploads/2016/02/Exfoliating-Fruit-seeds1-680x282.png",
      "description": "Chiropractic practice and massage therapy are some of the modalities that belong to the complementary and alternative medicine.",
      "options": [{
          "name": "30min",
          "price": 9000.0,
          "currency": "$",
          "isRecommended": false
        },
        {
          "name": "60min",
          "price": 9000.0,
          "currency": "$",
          "isRecommended": true
        },
        {
          "name": "90min",
          "price": 9000.0,
          "currency": "$",
          "isRecommended": false
        }
      ]
    },
    {
      "id": 4,
      "name": "Nail care",
      "coverImage": "http://en.bliss.hr/wp-content/uploads/2016/02/DSC_2238-e1435144399253-680x282.jpg",
      "description": "Care of the fingernails and toenails. Many nail problems are due to poor nail care. Recommendations for maintaining nail health include keeping nails clean and dry to keep bacteria and other infectious organisms from collecting under the nails",
      "options": [{
          "name": "30min",
          "price": 9000.0,
          "currency": "$",
          "isRecommended": false
        },
        {
          "name": "60min",
          "price": 9000.0,
          "currency": "$",
          "isRecommended": true
        },
        {
          "name": "90min",
          "price": 9000.0,
          "currency": "$",
          "isRecommended": false
        }
      ]
    },
    {
      "id": 5,
      "name": "Reflexology",
      "coverImage": "http://en.bliss.hr/wp-content/uploads/2016/02/spa-zona-infracrvena-sauna.jpg",
      "description": "Reflexology, also known as zone therapy, is an alternative medicine involving application of pressure to the feet and hands with specific thumb, finger, and hand techniques without the use of oil or lotion. It is based on a pseudoscientific[1] system of zones and reflex areas that purportedly reflect an image of the body on the feet and hands, with the premise that such work effects a physical change to the body.",
      "options": [{
          "name": "30min",
          "price": 9000.0,
          "currency": "$",
          "isRecommended": false
        },
        {
          "name": "60min",
          "price": 9000.0,
          "currency": "$",
          "isRecommended": true
        },
        {
          "name": "90min",
          "price": 9000.0,
          "currency": "$",
          "isRecommended": false
        }
      ]
    },
    {
      "id": 6,
      "name": "Skin care",
      "coverImage": "http://en.bliss.hr/wp-content/uploads/2016/02/nn-680x282.jpeg",
      "description": "Skin care is the range of practices that support skin integrity, enhance its appearance and relieve skin conditions. They can include nutrition, avoidance of excessive sun exposure and appropriate use of emollients. ",
      "options": [{
          "name": "30min",
          "price": 9000.0,
          "currency": "$",
          "isRecommended": false
        },
        {
          "name": "60min",
          "price": 9000.0,
          "currency": "$",
          "isRecommended": true
        },
        {
          "name": "90min",
          "price": 9000.0,
          "currency": "$",
          "isRecommended": false
        }
      ]
    },
    {
      "id": 7,
      "name": "Skin Treatment",
      "coverImage": "http://en.bliss.hr/wp-content/uploads/2016/02/DSC3712-680x282.jpg",
      "description": "Skin care is the range of practices that support skin integrity, enhance its appearance and relieve skin conditions. They can include nutrition, avoidance of excessive sun exposure and appropriate use of emollients. ",
      "options": [{
          "name": "30min",
          "price": 9000.0,
          "currency": "$",
          "isRecommended": false
        },
        {
          "name": "60min",
          "price": 9000.0,
          "currency": "$",
          "isRecommended": true
        },
        {
          "name": "90min",
          "price": 9000.0,
          "currency": "$",
          "isRecommended": false
        }
      ]
    },
    {
      "id": 8,
      "name": "Aroma care",
      "coverImage": "http://en.bliss.hr/wp-content/uploads/2016/02/sensitive-skin-680x282.jpg",
      "description": "The principle of AromaCare is simple, it is a diffuser of essential oils that works with ready-to-use capsules. Each capsule contains a studied blend of organic essential oils and an associated diffusion program. Simply insert the capsule of your choice and then start your personal wellness session of 20 minutes.",
      "options": [{
          "name": "30min",
          "price": 9000.0,
          "currency": "$",
          "isRecommended": false
        },
        {
          "name": "60min",
          "price": 9000.0,
          "currency": "$",
          "isRecommended": true
        },
        {
          "name": "90min",
          "price": 9000.0,
          "currency": "$",
          "isRecommended": false
        }
      ]
    },
    {
      "id": 9,
      "name": "Body massage",
      "coverImage": "http://en.bliss.hr/wp-content/uploads/2016/02/aroma-lisse-3-e1422361652839-680x282.jpeg",
      "description": "Massage is the manipulation of soft tissues in the body. Massage techniques are commonly applied with hands, fingers, elbows, knees, forearms, feet, or a device. The purpose of massage is generally for the treatment of body stress or pain.",
      "options": [{
          "name": "30min",
          "price": 9000.0,
          "currency": "$",
          "isRecommended": false
        },
        {
          "name": "60min",
          "price": 9000.0,
          "currency": "$",
          "isRecommended": true
        },
        {
          "name": "90min",
          "price": 9000.0,
          "currency": "$",
          "isRecommended": false
        }
      ]
    },
    {
      "id": 10,
      "name": "Aroma Treatment",
      "coverImage": "http://en.bliss.hr/wp-content/uploads/2016/02/aromamas-680x282.jpg",
      "description": "Massage is the manipulation of soft tissues in the body. Massage techniques are commonly applied with hands, fingers, elbows, knees, forearms, feet, or a device. The purpose of massage is generally for the treatment of body stress or pain.",
      "options": [{
          "name": "30min",
          "price": 9000.0,
          "currency": "$",
          "isRecommended": false
        },
        {
          "name": "60min",
          "price": 9000.0,
          "currency": "$",
          "isRecommended": true
        },
        {
          "name": "90min",
          "price": 9000.0,
          "currency": "$",
          "isRecommended": false
        }
      ]
    }
  ],
  "coupon": [{
      "id": 1,
      "name": "Autumn Fashion",
      "discount": "5%",
      "qrCode": "autumn-fashion.jpg",
      "items": [{
          "image": "https://images-na.ssl-images-amazon.com/images/I/61HFW%2BLPyhL._UY741_.jpg",
          "price": "¥6,364",
          "price_default": "¥7,364"
        },
        {
          "image": "https://images-na.ssl-images-amazon.com/images/I/7174130XLRL._UY741_.jpg",
          "price": "¥7,123",
          "price_default": "¥10,522"
        },
        {
          "image": "https://images-na.ssl-images-amazon.com/images/I/71i-yHjHTnL._UX385_.jpg",
          "price": "¥1,364",
          "price_default": "¥4,364"
        }
      ]
    },
    {
      "id": 2,
      "name": "Winter Fashion",
      "discount": "10%",
      "qrCode": "winter-fashion.jpg",
      "items": [{
          "image": "https://images-na.ssl-images-amazon.com/images/I/71ItVH3U-4L._UX679_.jpg",
          "price": "¥6,364",
          "price_default": "¥7,364"
        },
        {
          "image": "https://images-na.ssl-images-amazon.com/images/I/61lTEFoQKVL._UX679_.jpg",
          "price": "¥7,123",
          "price_default": "¥10,522"
        },
        {
          "image": "https://images-na.ssl-images-amazon.com/images/I/7174130XLRL._UY741_.jpg",
          "price": "¥1,364",
          "price_default": "¥4,364"
        }
      ]
    },
    {
      "id": 3,
      "name": "Spring Fashion",
      "discount": "15%",
      "qrCode": "spring-fashion.jpg",
      "items": [{
          "image": "https://images-na.ssl-images-amazon.com/images/I/61HFW%2BLPyhL._UY741_.jpg",
          "price": "¥12,364",
          "price_default": "¥34,364"
        },
        {
          "image": "https://images-na.ssl-images-amazon.com/images/I/7174130XLRL._UY741_.jpg",
          "price": "¥32,123",
          "price_default": "¥50,522"
        },
        {
          "image": "https://images-na.ssl-images-amazon.com/images/I/71i-yHjHTnL._UX385_.jpg",
          "price": "¥12,364",
          "price_default": "¥42,364"
        }
      ]
    },
    {
      "id": 4,
      "name": "Spring Fashion",
      "discount": "15%",
      "qrCode": "spring-fashion.jpg",
      "items": [{
          "image": "https://images-na.ssl-images-amazon.com/images/I/61HFW%2BLPyhL._UY741_.jpg",
          "price": "¥12,364",
          "price_default": "¥34,364"
        },
        {
          "image": "https://images-na.ssl-images-amazon.com/images/I/7174130XLRL._UY741_.jpg",
          "price": "¥32,123",
          "price_default": "¥50,522"
        },
        {
          "image": "https://images-na.ssl-images-amazon.com/images/I/71i-yHjHTnL._UX385_.jpg",
          "price": "¥12,364",
          "price_default": "¥42,364"
        }
      ]
    },
    {
      "id": 5,
      "name": "Spring Fashion",
      "discount": "15%",
      "qrCode": "spring-fashion.jpg",
      "items": [{
          "image": "https://images-na.ssl-images-amazon.com/images/I/61HFW%2BLPyhL._UY741_.jpg",
          "price": "¥12,364",
          "price_default": "¥34,364"
        },
        {
          "image": "https://images-na.ssl-images-amazon.com/images/I/7174130XLRL._UY741_.jpg",
          "price": "¥32,123",
          "price_default": "¥50,522"
        },
        {
          "image": "https://images-na.ssl-images-amazon.com/images/I/71i-yHjHTnL._UX385_.jpg",
          "price": "¥12,364",
          "price_default": "¥42,364"
        }
      ]
    },
    {
      "id": 6,
      "name": "Spring Fashion",
      "discount": "15%",
      "qrCode": "spring-fashion.jpg",
      "items": [{
          "image": "https://images-na.ssl-images-amazon.com/images/I/61HFW%2BLPyhL._UY741_.jpg",
          "price": "¥12,364",
          "price_default": "¥34,364"
        },
        {
          "image": "https://images-na.ssl-images-amazon.com/images/I/7174130XLRL._UY741_.jpg",
          "price": "¥32,123",
          "price_default": "¥50,522"
        },
        {
          "image": "https://images-na.ssl-images-amazon.com/images/I/71i-yHjHTnL._UX385_.jpg",
          "price": "¥12,364",
          "price_default": "¥42,364"
        }
      ]
    },
    {
      "id": 7,
      "name": "Spring Fashion",
      "discount": "15%",
      "qrCode": "spring-fashion.jpg",
      "items": [{
          "image": "https://images-na.ssl-images-amazon.com/images/I/61HFW%2BLPyhL._UY741_.jpg",
          "price": "¥12,364",
          "price_default": "¥34,364"
        },
        {
          "image": "https://images-na.ssl-images-amazon.com/images/I/7174130XLRL._UY741_.jpg",
          "price": "¥32,123",
          "price_default": "¥50,522"
        },
        {
          "image": "https://images-na.ssl-images-amazon.com/images/I/71i-yHjHTnL._UX385_.jpg",
          "price": "¥12,364",
          "price_default": "¥42,364"
        }
      ]
    },
    {
      "id": 8,
      "name": "Spring Fashion",
      "discount": "15%",
      "qrCode": "spring-fashion.jpg",
      "items": [{
          "image": "https://images-na.ssl-images-amazon.com/images/I/61HFW%2BLPyhL._UY741_.jpg",
          "price": "¥12,364",
          "price_default": "¥34,364"
        },
        {
          "image": "https://images-na.ssl-images-amazon.com/images/I/7174130XLRL._UY741_.jpg",
          "price": "¥32,123",
          "price_default": "¥50,522"
        },
        {
          "image": "https://images-na.ssl-images-amazon.com/images/I/71i-yHjHTnL._UX385_.jpg",
          "price": "¥12,364",
          "price_default": "¥42,364"
        }
      ]
    },
    {
      "id": 9,
      "name": "Spring Fashion",
      "discount": "15%",
      "qrCode": "spring-fashion.jpg",
      "items": [{
          "image": "https://images-na.ssl-images-amazon.com/images/I/61HFW%2BLPyhL._UY741_.jpg",
          "price": "¥12,364",
          "price_default": "¥34,364"
        },
        {
          "image": "https://images-na.ssl-images-amazon.com/images/I/7174130XLRL._UY741_.jpg",
          "price": "¥32,123",
          "price_default": "¥50,522"
        },
        {
          "image": "https://images-na.ssl-images-amazon.com/images/I/71i-yHjHTnL._UX385_.jpg",
          "price": "¥12,364",
          "price_default": "¥42,364"
        }
      ]
    },
    {
      "id": 10,
      "name": "Spring Fashion",
      "discount": "15%",
      "qrCode": "spring-fashion.jpg",
      "items": [{
          "image": "https://images-na.ssl-images-amazon.com/images/I/61HFW%2BLPyhL._UY741_.jpg",
          "price": "¥12,364",
          "price_default": "¥34,364"
        },
        {
          "image": "https://images-na.ssl-images-amazon.com/images/I/7174130XLRL._UY741_.jpg",
          "price": "¥32,123",
          "price_default": "¥50,522"
        },
        {
          "image": "https://images-na.ssl-images-amazon.com/images/I/71i-yHjHTnL._UX385_.jpg",
          "price": "¥12,364",
          "price_default": "¥42,364"
        }
      ]
    },
    {
      "id": 1,
      "name": "Autumn Fashion",
      "discount": "5%",
      "qrCode": "autumn-fashion.jpg",
      "items": [{
          "image": "https://images-na.ssl-images-amazon.com/images/I/61HFW%2BLPyhL._UY741_.jpg",
          "price": "¥6,364",
          "price_default": "¥7,364"
        },
        {
          "image": "https://images-na.ssl-images-amazon.com/images/I/7174130XLRL._UY741_.jpg",
          "price": "¥7,123",
          "price_default": "¥10,522"
        },
        {
          "image": "https://images-na.ssl-images-amazon.com/images/I/71i-yHjHTnL._UX385_.jpg",
          "price": "¥1,364",
          "price_default": "¥4,364"
        }
      ]
    },
    {
      "id": 2,
      "name": "Winter Fashion",
      "discount": "10%",
      "qrCode": "winter-fashion.jpg",
      "items": [{
          "image": "https://images-na.ssl-images-amazon.com/images/I/71ItVH3U-4L._UX679_.jpg",
          "price": "¥6,364",
          "price_default": "¥7,364"
        },
        {
          "image": "https://images-na.ssl-images-amazon.com/images/I/61lTEFoQKVL._UX679_.jpg",
          "price": "¥7,123",
          "price_default": "¥10,522"
        },
        {
          "image": "https://images-na.ssl-images-amazon.com/images/I/7174130XLRL._UY741_.jpg",
          "price": "¥1,364",
          "price_default": "¥4,364"
        }
      ]
    },
    {
      "id": 3,
      "name": "Spring Fashion",
      "discount": "15%",
      "qrCode": "spring-fashion.jpg",
      "items": [{
          "image": "https://images-na.ssl-images-amazon.com/images/I/61HFW%2BLPyhL._UY741_.jpg",
          "price": "¥12,364",
          "price_default": "¥34,364"
        },
        {
          "image": "https://images-na.ssl-images-amazon.com/images/I/7174130XLRL._UY741_.jpg",
          "price": "¥32,123",
          "price_default": "¥50,522"
        },
        {
          "image": "https://images-na.ssl-images-amazon.com/images/I/71i-yHjHTnL._UX385_.jpg",
          "price": "¥12,364",
          "price_default": "¥42,364"
        }
      ]
    },
    {
      "id": 4,
      "name": "Spring Fashion",
      "discount": "15%",
      "qrCode": "spring-fashion.jpg",
      "items": [{
          "image": "https://images-na.ssl-images-amazon.com/images/I/61HFW%2BLPyhL._UY741_.jpg",
          "price": "¥12,364",
          "price_default": "¥34,364"
        },
        {
          "image": "https://images-na.ssl-images-amazon.com/images/I/7174130XLRL._UY741_.jpg",
          "price": "¥32,123",
          "price_default": "¥50,522"
        },
        {
          "image": "https://images-na.ssl-images-amazon.com/images/I/71i-yHjHTnL._UX385_.jpg",
          "price": "¥12,364",
          "price_default": "¥42,364"
        }
      ]
    },
    {
      "id": 5,
      "name": "Spring Fashion",
      "discount": "15%",
      "qrCode": "spring-fashion.jpg",
      "items": [{
          "image": "https://images-na.ssl-images-amazon.com/images/I/61HFW%2BLPyhL._UY741_.jpg",
          "price": "¥12,364",
          "price_default": "¥34,364"
        },
        {
          "image": "https://images-na.ssl-images-amazon.com/images/I/7174130XLRL._UY741_.jpg",
          "price": "¥32,123",
          "price_default": "¥50,522"
        },
        {
          "image": "https://images-na.ssl-images-amazon.com/images/I/71i-yHjHTnL._UX385_.jpg",
          "price": "¥12,364",
          "price_default": "¥42,364"
        }
      ]
    },
    {
      "id": 6,
      "name": "Spring Fashion",
      "discount": "15%",
      "qrCode": "spring-fashion.jpg",
      "items": [{
          "image": "https://images-na.ssl-images-amazon.com/images/I/61HFW%2BLPyhL._UY741_.jpg",
          "price": "¥12,364",
          "price_default": "¥34,364"
        },
        {
          "image": "https://images-na.ssl-images-amazon.com/images/I/7174130XLRL._UY741_.jpg",
          "price": "¥32,123",
          "price_default": "¥50,522"
        },
        {
          "image": "https://images-na.ssl-images-amazon.com/images/I/71i-yHjHTnL._UX385_.jpg",
          "price": "¥12,364",
          "price_default": "¥42,364"
        }
      ]
    },
    {
      "id": 7,
      "name": "Spring Fashion",
      "discount": "15%",
      "qrCode": "spring-fashion.jpg",
      "items": [{
          "image": "https://images-na.ssl-images-amazon.com/images/I/61HFW%2BLPyhL._UY741_.jpg",
          "price": "¥12,364",
          "price_default": "¥34,364"
        },
        {
          "image": "https://images-na.ssl-images-amazon.com/images/I/7174130XLRL._UY741_.jpg",
          "price": "¥32,123",
          "price_default": "¥50,522"
        },
        {
          "image": "https://images-na.ssl-images-amazon.com/images/I/71i-yHjHTnL._UX385_.jpg",
          "price": "¥12,364",
          "price_default": "¥42,364"
        }
      ]
    },
    {
      "id": 8,
      "name": "Spring Fashion",
      "discount": "15%",
      "qrCode": "spring-fashion.jpg",
      "items": [{
          "image": "https://images-na.ssl-images-amazon.com/images/I/61HFW%2BLPyhL._UY741_.jpg",
          "price": "¥12,364",
          "price_default": "¥34,364"
        },
        {
          "image": "https://images-na.ssl-images-amazon.com/images/I/7174130XLRL._UY741_.jpg",
          "price": "¥32,123",
          "price_default": "¥50,522"
        },
        {
          "image": "https://images-na.ssl-images-amazon.com/images/I/71i-yHjHTnL._UX385_.jpg",
          "price": "¥12,364",
          "price_default": "¥42,364"
        }
      ]
    },
    {
      "id": 9,
      "name": "Spring Fashion",
      "discount": "15%",
      "qrCode": "spring-fashion.jpg",
      "items": [{
          "image": "https://images-na.ssl-images-amazon.com/images/I/61HFW%2BLPyhL._UY741_.jpg",
          "price": "¥12,364",
          "price_default": "¥34,364"
        },
        {
          "image": "https://images-na.ssl-images-amazon.com/images/I/7174130XLRL._UY741_.jpg",
          "price": "¥32,123",
          "price_default": "¥50,522"
        },
        {
          "image": "https://images-na.ssl-images-amazon.com/images/I/71i-yHjHTnL._UX385_.jpg",
          "price": "¥12,364",
          "price_default": "¥42,364"
        }
      ]
    },
    {
      "id": 10,
      "name": "Spring Fashion",
      "discount": "15%",
      "qrCode": "spring-fashion.jpg",
      "items": [{
          "image": "https://images-na.ssl-images-amazon.com/images/I/61HFW%2BLPyhL._UY741_.jpg",
          "price": "¥12,364",
          "price_default": "¥34,364"
        },
        {
          "image": "https://images-na.ssl-images-amazon.com/images/I/7174130XLRL._UY741_.jpg",
          "price": "¥32,123",
          "price_default": "¥50,522"
        },
        {
          "image": "https://images-na.ssl-images-amazon.com/images/I/71i-yHjHTnL._UX385_.jpg",
          "price": "¥12,364",
          "price_default": "¥42,364"
        }
      ]
    },
    {
      "id": 1,
      "name": "Autumn Fashion",
      "discount": "5%",
      "qrCode": "autumn-fashion.jpg",
      "items": [{
          "image": "https://images-na.ssl-images-amazon.com/images/I/61HFW%2BLPyhL._UY741_.jpg",
          "price": "¥6,364",
          "price_default": "¥7,364"
        },
        {
          "image": "https://images-na.ssl-images-amazon.com/images/I/7174130XLRL._UY741_.jpg",
          "price": "¥7,123",
          "price_default": "¥10,522"
        },
        {
          "image": "https://images-na.ssl-images-amazon.com/images/I/71i-yHjHTnL._UX385_.jpg",
          "price": "¥1,364",
          "price_default": "¥4,364"
        }
      ]
    },
    {
      "id": 2,
      "name": "Winter Fashion",
      "discount": "10%",
      "qrCode": "winter-fashion.jpg",
      "items": [{
          "image": "https://images-na.ssl-images-amazon.com/images/I/71ItVH3U-4L._UX679_.jpg",
          "price": "¥6,364",
          "price_default": "¥7,364"
        },
        {
          "image": "https://images-na.ssl-images-amazon.com/images/I/61lTEFoQKVL._UX679_.jpg",
          "price": "¥7,123",
          "price_default": "¥10,522"
        },
        {
          "image": "https://images-na.ssl-images-amazon.com/images/I/7174130XLRL._UY741_.jpg",
          "price": "¥1,364",
          "price_default": "¥4,364"
        }
      ]
    },
    {
      "id": 3,
      "name": "Spring Fashion",
      "discount": "15%",
      "qrCode": "spring-fashion.jpg",
      "items": [{
          "image": "https://images-na.ssl-images-amazon.com/images/I/61HFW%2BLPyhL._UY741_.jpg",
          "price": "¥12,364",
          "price_default": "¥34,364"
        },
        {
          "image": "https://images-na.ssl-images-amazon.com/images/I/7174130XLRL._UY741_.jpg",
          "price": "¥32,123",
          "price_default": "¥50,522"
        },
        {
          "image": "https://images-na.ssl-images-amazon.com/images/I/71i-yHjHTnL._UX385_.jpg",
          "price": "¥12,364",
          "price_default": "¥42,364"
        }
      ]
    },
    {
      "id": 4,
      "name": "Spring Fashion",
      "discount": "15%",
      "qrCode": "spring-fashion.jpg",
      "items": [{
          "image": "https://images-na.ssl-images-amazon.com/images/I/61HFW%2BLPyhL._UY741_.jpg",
          "price": "¥12,364",
          "price_default": "¥34,364"
        },
        {
          "image": "https://images-na.ssl-images-amazon.com/images/I/7174130XLRL._UY741_.jpg",
          "price": "¥32,123",
          "price_default": "¥50,522"
        },
        {
          "image": "https://images-na.ssl-images-amazon.com/images/I/71i-yHjHTnL._UX385_.jpg",
          "price": "¥12,364",
          "price_default": "¥42,364"
        }
      ]
    },
    {
      "id": 5,
      "name": "Spring Fashion",
      "discount": "15%",
      "qrCode": "spring-fashion.jpg",
      "items": [{
          "image": "https://images-na.ssl-images-amazon.com/images/I/61HFW%2BLPyhL._UY741_.jpg",
          "price": "¥12,364",
          "price_default": "¥34,364"
        },
        {
          "image": "https://images-na.ssl-images-amazon.com/images/I/7174130XLRL._UY741_.jpg",
          "price": "¥32,123",
          "price_default": "¥50,522"
        },
        {
          "image": "https://images-na.ssl-images-amazon.com/images/I/71i-yHjHTnL._UX385_.jpg",
          "price": "¥12,364",
          "price_default": "¥42,364"
        }
      ]
    },
    {
      "id": 6,
      "name": "Spring Fashion",
      "discount": "15%",
      "qrCode": "spring-fashion.jpg",
      "items": [{
          "image": "https://images-na.ssl-images-amazon.com/images/I/61HFW%2BLPyhL._UY741_.jpg",
          "price": "¥12,364",
          "price_default": "¥34,364"
        },
        {
          "image": "https://images-na.ssl-images-amazon.com/images/I/7174130XLRL._UY741_.jpg",
          "price": "¥32,123",
          "price_default": "¥50,522"
        },
        {
          "image": "https://images-na.ssl-images-amazon.com/images/I/71i-yHjHTnL._UX385_.jpg",
          "price": "¥12,364",
          "price_default": "¥42,364"
        }
      ]
    },
    {
      "id": 7,
      "name": "Spring Fashion",
      "discount": "15%",
      "qrCode": "spring-fashion.jpg",
      "items": [{
          "image": "https://images-na.ssl-images-amazon.com/images/I/61HFW%2BLPyhL._UY741_.jpg",
          "price": "¥12,364",
          "price_default": "¥34,364"
        },
        {
          "image": "https://images-na.ssl-images-amazon.com/images/I/7174130XLRL._UY741_.jpg",
          "price": "¥32,123",
          "price_default": "¥50,522"
        },
        {
          "image": "https://images-na.ssl-images-amazon.com/images/I/71i-yHjHTnL._UX385_.jpg",
          "price": "¥12,364",
          "price_default": "¥42,364"
        }
      ]
    },
    {
      "id": 8,
      "name": "Spring Fashion",
      "discount": "15%",
      "qrCode": "spring-fashion.jpg",
      "items": [{
          "image": "https://images-na.ssl-images-amazon.com/images/I/61HFW%2BLPyhL._UY741_.jpg",
          "price": "¥12,364",
          "price_default": "¥34,364"
        },
        {
          "image": "https://images-na.ssl-images-amazon.com/images/I/7174130XLRL._UY741_.jpg",
          "price": "¥32,123",
          "price_default": "¥50,522"
        },
        {
          "image": "https://images-na.ssl-images-amazon.com/images/I/71i-yHjHTnL._UX385_.jpg",
          "price": "¥12,364",
          "price_default": "¥42,364"
        }
      ]
    },
    {
      "id": 9,
      "name": "Spring Fashion",
      "discount": "15%",
      "qrCode": "spring-fashion.jpg",
      "items": [{
          "image": "https://images-na.ssl-images-amazon.com/images/I/61HFW%2BLPyhL._UY741_.jpg",
          "price": "¥12,364",
          "price_default": "¥34,364"
        },
        {
          "image": "https://images-na.ssl-images-amazon.com/images/I/7174130XLRL._UY741_.jpg",
          "price": "¥32,123",
          "price_default": "¥50,522"
        },
        {
          "image": "https://images-na.ssl-images-amazon.com/images/I/71i-yHjHTnL._UX385_.jpg",
          "price": "¥12,364",
          "price_default": "¥42,364"
        }
      ]
    },
    {
      "id": 10,
      "name": "Spring Fashion",
      "discount": "15%",
      "qrCode": "spring-fashion.jpg",
      "items": [{
          "image": "https://images-na.ssl-images-amazon.com/images/I/61HFW%2BLPyhL._UY741_.jpg",
          "price": "¥12,364",
          "price_default": "¥34,364"
        },
        {
          "image": "https://images-na.ssl-images-amazon.com/images/I/7174130XLRL._UY741_.jpg",
          "price": "¥32,123",
          "price_default": "¥50,522"
        },
        {
          "image": "https://images-na.ssl-images-amazon.com/images/I/71i-yHjHTnL._UX385_.jpg",
          "price": "¥12,364",
          "price_default": "¥42,364"
        }
      ]
    },
    {
      "id": 1,
      "name": "Autumn Fashion",
      "discount": "5%",
      "qrCode": "autumn-fashion.jpg",
      "items": [{
          "image": "https://images-na.ssl-images-amazon.com/images/I/61HFW%2BLPyhL._UY741_.jpg",
          "price": "¥6,364",
          "price_default": "¥7,364"
        },
        {
          "image": "https://images-na.ssl-images-amazon.com/images/I/7174130XLRL._UY741_.jpg",
          "price": "¥7,123",
          "price_default": "¥10,522"
        },
        {
          "image": "https://images-na.ssl-images-amazon.com/images/I/71i-yHjHTnL._UX385_.jpg",
          "price": "¥1,364",
          "price_default": "¥4,364"
        }
      ]
    },
    {
      "id": 2,
      "name": "Winter Fashion",
      "discount": "10%",
      "qrCode": "winter-fashion.jpg",
      "items": [{
          "image": "https://images-na.ssl-images-amazon.com/images/I/71ItVH3U-4L._UX679_.jpg",
          "price": "¥6,364",
          "price_default": "¥7,364"
        },
        {
          "image": "https://images-na.ssl-images-amazon.com/images/I/61lTEFoQKVL._UX679_.jpg",
          "price": "¥7,123",
          "price_default": "¥10,522"
        },
        {
          "image": "https://images-na.ssl-images-amazon.com/images/I/7174130XLRL._UY741_.jpg",
          "price": "¥1,364",
          "price_default": "¥4,364"
        }
      ]
    },
    {
      "id": 3,
      "name": "Spring Fashion",
      "discount": "15%",
      "qrCode": "spring-fashion.jpg",
      "items": [{
          "image": "https://images-na.ssl-images-amazon.com/images/I/61HFW%2BLPyhL._UY741_.jpg",
          "price": "¥12,364",
          "price_default": "¥34,364"
        },
        {
          "image": "https://images-na.ssl-images-amazon.com/images/I/7174130XLRL._UY741_.jpg",
          "price": "¥32,123",
          "price_default": "¥50,522"
        },
        {
          "image": "https://images-na.ssl-images-amazon.com/images/I/71i-yHjHTnL._UX385_.jpg",
          "price": "¥12,364",
          "price_default": "¥42,364"
        }
      ]
    },
    {
      "id": 4,
      "name": "Spring Fashion",
      "discount": "15%",
      "qrCode": "spring-fashion.jpg",
      "items": [{
          "image": "https://images-na.ssl-images-amazon.com/images/I/61HFW%2BLPyhL._UY741_.jpg",
          "price": "¥12,364",
          "price_default": "¥34,364"
        },
        {
          "image": "https://images-na.ssl-images-amazon.com/images/I/7174130XLRL._UY741_.jpg",
          "price": "¥32,123",
          "price_default": "¥50,522"
        },
        {
          "image": "https://images-na.ssl-images-amazon.com/images/I/71i-yHjHTnL._UX385_.jpg",
          "price": "¥12,364",
          "price_default": "¥42,364"
        }
      ]
    },
    {
      "id": 5,
      "name": "Spring Fashion",
      "discount": "15%",
      "qrCode": "spring-fashion.jpg",
      "items": [{
          "image": "https://images-na.ssl-images-amazon.com/images/I/61HFW%2BLPyhL._UY741_.jpg",
          "price": "¥12,364",
          "price_default": "¥34,364"
        },
        {
          "image": "https://images-na.ssl-images-amazon.com/images/I/7174130XLRL._UY741_.jpg",
          "price": "¥32,123",
          "price_default": "¥50,522"
        },
        {
          "image": "https://images-na.ssl-images-amazon.com/images/I/71i-yHjHTnL._UX385_.jpg",
          "price": "¥12,364",
          "price_default": "¥42,364"
        }
      ]
    },
    {
      "id": 6,
      "name": "Spring Fashion",
      "discount": "15%",
      "qrCode": "spring-fashion.jpg",
      "items": [{
          "image": "https://images-na.ssl-images-amazon.com/images/I/61HFW%2BLPyhL._UY741_.jpg",
          "price": "¥12,364",
          "price_default": "¥34,364"
        },
        {
          "image": "https://images-na.ssl-images-amazon.com/images/I/7174130XLRL._UY741_.jpg",
          "price": "¥32,123",
          "price_default": "¥50,522"
        },
        {
          "image": "https://images-na.ssl-images-amazon.com/images/I/71i-yHjHTnL._UX385_.jpg",
          "price": "¥12,364",
          "price_default": "¥42,364"
        }
      ]
    },
    {
      "id": 7,
      "name": "Spring Fashion",
      "discount": "15%",
      "qrCode": "spring-fashion.jpg",
      "items": [{
          "image": "https://images-na.ssl-images-amazon.com/images/I/61HFW%2BLPyhL._UY741_.jpg",
          "price": "¥12,364",
          "price_default": "¥34,364"
        },
        {
          "image": "https://images-na.ssl-images-amazon.com/images/I/7174130XLRL._UY741_.jpg",
          "price": "¥32,123",
          "price_default": "¥50,522"
        },
        {
          "image": "https://images-na.ssl-images-amazon.com/images/I/71i-yHjHTnL._UX385_.jpg",
          "price": "¥12,364",
          "price_default": "¥42,364"
        }
      ]
    },
    {
      "id": 8,
      "name": "Spring Fashion",
      "discount": "15%",
      "qrCode": "spring-fashion.jpg",
      "items": [{
          "image": "https://images-na.ssl-images-amazon.com/images/I/61HFW%2BLPyhL._UY741_.jpg",
          "price": "¥12,364",
          "price_default": "¥34,364"
        },
        {
          "image": "https://images-na.ssl-images-amazon.com/images/I/7174130XLRL._UY741_.jpg",
          "price": "¥32,123",
          "price_default": "¥50,522"
        },
        {
          "image": "https://images-na.ssl-images-amazon.com/images/I/71i-yHjHTnL._UX385_.jpg",
          "price": "¥12,364",
          "price_default": "¥42,364"
        }
      ]
    },
    {
      "id": 9,
      "name": "Spring Fashion",
      "discount": "15%",
      "qrCode": "spring-fashion.jpg",
      "items": [{
          "image": "https://images-na.ssl-images-amazon.com/images/I/61HFW%2BLPyhL._UY741_.jpg",
          "price": "¥12,364",
          "price_default": "¥34,364"
        },
        {
          "image": "https://images-na.ssl-images-amazon.com/images/I/7174130XLRL._UY741_.jpg",
          "price": "¥32,123",
          "price_default": "¥50,522"
        },
        {
          "image": "https://images-na.ssl-images-amazon.com/images/I/71i-yHjHTnL._UX385_.jpg",
          "price": "¥12,364",
          "price_default": "¥42,364"
        }
      ]
    },
    {
      "id": 10,
      "name": "Spring Fashion",
      "discount": "15%",
      "qrCode": "spring-fashion.jpg",
      "items": [{
          "image": "https://images-na.ssl-images-amazon.com/images/I/61HFW%2BLPyhL._UY741_.jpg",
          "price": "¥12,364",
          "price_default": "¥34,364"
        },
        {
          "image": "https://images-na.ssl-images-amazon.com/images/I/7174130XLRL._UY741_.jpg",
          "price": "¥32,123",
          "price_default": "¥50,522"
        },
        {
          "image": "https://images-na.ssl-images-amazon.com/images/I/71i-yHjHTnL._UX385_.jpg",
          "price": "¥12,364",
          "price_default": "¥42,364"
        }
      ]
    }
  ],
  "couponDetail": [{
      "id": 1,
      "coupon": "autumn-fashion.jpg"
    },
    {
      "id": 2,
      "coupon": "winter-fashion.jpg"
    },
    {
      "id": 3,
      "coupon": "spring-fashion.jpg"
    }
  ],
  "user": {
    "id": 1239483822,
    "name": "山田 太郎 様",
    "point": 67,
    "rating": 1,
    "level": "Standard",
    "barCode": 1234567890128
  },
  "shopDetail": [{
      "id": 1,
      "img": "picture03",
      "title": "Image",
      "author": "author",
      "nameShop": "Fashion Shop 1",
      "tel": "03-5474-9001",
      "fax": "03-5474-9002",
      "open": "11:00 am - 7:00 pm",
      "close": "Every Wednesday",
      "address": "1,2,3F. Unimat Aoyama Bldg., 2-12-14 Minami-Aoyama, Minato-ku, Tokyo 107-0062"
    },
    {
      "id": 2,
      "img": "picture04",
      "title": "Image",
      "author": "author",
      "nameShop": "Fashion Shop 2",
      "tel": "03-5474-9001",
      "fax": "03-5474-9002",
      "open": "11:00 am - 7:00 pm",
      "close": "Every Wednesday",
      "address": "1,2,3F. Unimat Aoyama Bldg., 2-12-14 Minami-Aoyama, Minato-ku, Tokyo 107-0062"
    },
    {
      "id": 3,
      "img": "picture05",
      "title": "Image",
      "author": "author",
      "nameShop": "Fashion Shop 3",
      "tel": "03-5474-9001",
      "fax": "03-5474-9002",
      "open": "11:00 am - 7:00 pm",
      "close": "Every Wednesday",
      "address": "1,2,3F. Unimat Aoyama Bldg., 2-12-14 Minami-Aoyama, Minato-ku, Tokyo 107-0062"
    },
    {
      "id": 4,
      "img": "picture06",
      "title": "Image",
      "author": "author",
      "nameShop": "Fashion Shop 4",
      "tel": "03-5474-9001",
      "fax": "03-5474-9002",
      "open": "11:00 am - 7:00 pm",
      "close": "Every Wednesday",
      "address": "1,2,3F. Unimat Aoyama Bldg., 2-12-14 Minami-Aoyama, Minato-ku, Tokyo 107-0062"
    },
    {
      "id": 5,
      "img": "picture07",
      "title": "Image",
      "author": "author",
      "nameShop": "Fashion Shop 5",
      "tel": "03-5474-9001",
      "fax": "03-5474-9002",
      "open": "11:00 am - 7:00 pm",
      "close": "Every Wednesday",
      "address": "1,2,3F. Unimat Aoyama Bldg., 2-12-14 Minami-Aoyama, Minato-ku, Tokyo 107-0062"
    }
  ]
}