[{
  "id": 1,
  "featureImage": "https://images.pexels.com/photos/614810/pexels-photo-614810.jpeg?auto=compress&cs=tinysrgb&h=750&w=1260",
  "name": "Liam",
  "bio": "Originally from Ottawa, Ontario Chelsea admires the abundance of activities and natural beauty of the West. A born professional who has been involved in the beauty industry since she was 14 years old. It was then that she discovered her love for the ever-changing trade.  Chelsea began her West Coast journey in Pender Island, working at a resort spa",
  "price": "¥11,000"
},
{
  "id": 2,
  "featureImage": "https://images-na.ssl-images-amazon.com/images/I/71ItVH3U-4L._UX679_.jpg",
  "name": "Elijah",
  "bio": "Back home in Ontario, Jen decided she wanted to become a massage therapist shortly after finishing her Bachelor of Kinesiology at university which she had started for her love and interest in anatomy and physiology. ",
  "price": "¥15,000"
},
{
  "id": 3,
  "featureImage": "https://images-na.ssl-images-amazon.com/images/I/61lTEFoQKVL._UX679_.jpg",
  "name": "Charlotte",
  "bio": "Natalie was born and raised in Hertford, England, and has been skiing from a tiny 18 months old. Ski instructing brought her to Whistler in 2008 and she has been calling Canada home ever since. ",
  "price": "¥12,000"
},
{
  "id": 4,
  "featureImage": "https://images-na.ssl-images-amazon.com/images/I/51xy9EQgb5L._UY741_.jpg",
  "name": "Sophia",
  "bio": "Fiona Joined us at the Whistler Day Spa in September 2017 from the Central Coast of New South Wales, Australia. She completed her beauty education at Ella baché college of beauty therapy, ",
  "price": "¥17,000"
},
{
  "id": 5,
  "featureImage": "https://images-na.ssl-images-amazon.com/images/I/7180bX7yg3L._SL1500_.jpg",
  "name": "Logan",
  "bio": "From a little town called Provence in the beautiful South of France to Whistler in 2017, Nathalie has come a long way to share her 6 years of beauty therapist experience with her guests at the Whistler Day Spa. She loves the title Beauty therapist as she believes visiting a beautician IS a type of therapy, ",
  "price": "¥21,000"
},
{
  "id": 6,
  "featureImage": "https://images.pexels.com/photos/614810/pexels-photo-614810.jpeg?auto=compress&cs=tinysrgb&h=750&w=1260",
  "name": "Liam",
  "bio": "Originally from Ottawa, Ontario Chelsea admires the abundance of activities and natural beauty of the West. A born professional who has been involved in the beauty industry since she was 14 years old. It was then that she discovered her love for the ever-changing trade.  Chelsea began her West Coast journey in Pender Island, working at a resort spa",
  "price": "¥11,000"
},
{
  "id": 7,
  "featureImage": "https://images-na.ssl-images-amazon.com/images/I/71ItVH3U-4L._UX679_.jpg",
  "name": "Elijah",
  "bio": "Back home in Ontario, Jen decided she wanted to become a massage therapist shortly after finishing her Bachelor of Kinesiology at university which she had started for her love and interest in anatomy and physiology. ",
  "price": "¥15,000"
},
{
  "id": 8,
  "featureImage": "https://images-na.ssl-images-amazon.com/images/I/61lTEFoQKVL._UX679_.jpg",
  "name": "Charlotte",
  "bio": "Natalie was born and raised in Hertford, England, and has been skiing from a tiny 18 months old. Ski instructing brought her to Whistler in 2008 and she has been calling Canada home ever since. ",
  "price": "¥12,000"
},
{
  "id": 9,
  "featureImage": "https://images-na.ssl-images-amazon.com/images/I/51xy9EQgb5L._UY741_.jpg",
  "name": "Sophia",
  "bio": "Fiona Joined us at the Whistler Day Spa in September 2017 from the Central Coast of New South Wales, Australia. She completed her beauty education at Ella baché college of beauty therapy, ",
  "price": "¥17,000"
},
{
  "id": 10,
  "featureImage": "https://images-na.ssl-images-amazon.com/images/I/7180bX7yg3L._SL1500_.jpg",
  "name": "Logan",
  "bio": "From a little town called Provence in the beautiful South of France to Whistler in 2017, Nathalie has come a long way to share her 6 years of beauty therapist experience with her guests at the Whistler Day Spa. She loves the title Beauty therapist as she believes visiting a beautician IS a type of therapy, ",
  "price": "¥21,000"
}]
